1,'27-JAN-2000','False','True',16,16
2,'1-JAN-2000','True','False',16,16
3,'4-JAN-2000','False','True',37,9
4,'21-JAN-2000','True','False',15,15
5,'23-JAN-2000','False','True',45,17
6,'28-JAN-2000','True','False',25,3
7,'25-JAN-2000','False','False',45,17
8,'18-JAN-2000','False','False',13,13
9,'5-JAN-2000','False','False',26,3
10,'22-JAN-2000','True','True',24,2
11,'21-JAN-2000','True','False',6,6
12,'18-JAN-2000','False','False',19,19
13,'13-JAN-2000','False','False',2,2
14,'16-JAN-2000','False','False',24,2
15,'21-JAN-2000','True','False',4,4
16,'10-JAN-2000','False','False',4,4
17,'11-JAN-2000','False','False',9,9
18,'5-JAN-2000','False','False',33,5
19,'13-JAN-2000','False','False',24,2
20,'7-JAN-2000','True','False',16,16
21,'26-JAN-2000','False','False',18,18
22,'1-JAN-2000','True','False',15,15
23,'28-OCT-2000','True','False',1,1
24,'21-JAN-2000','True','False',6,6
25,'26-JAN-2000','False','False',4,4
26,'1-DEC-2000','True','True',1,1
27,'16-JAN-2000','False','False',4,4
28,'22-JAN-2000','True','True',24,2
29,'15-JAN-2000','True','True',11,11
30,'10-JAN-2000','False','False',13,13
31,'6-JAN-2000','False','False',12,12
32,'17-JAN-2000','False','False',16,16
33,'22-JAN-2000','True','True',12,12
34,'22-JAN-2000','True','False',2,2
35,'16-JAN-2000','False','False',16,16
36,'14-JAN-2000','True','True',17,17
37,'5-AUG-2000','True','False',1,1
38,'12-JAN-2000','False','False',26,3
39,'13-JAN-2000','False','False',48,19
40,'17-JAN-2000','False','False',6,6
41,'25-JAN-2000','False','True',5,5
42,'28-JAN-2000','True','False',7,7
43,'20-JAN-2000','False','False',8,8
44,'9-JAN-2000','False','False',10,10
45,'2-JAN-2000','False','True',26,3
46,'3-JAN-2000','False','False',39,13
47,'28-JAN-2000','True','False',45,17
48,'3-JAN-2000','False','False',16,16
49,'1-JAN-2000','True','False',8,8
50,'18-JAN-2000','False','True',6,6
51,'5-JAN-2000','False','False',10,10
52,'14-JAN-2000','True','False',16,16
53,'22-JAN-2000','True','False',20,20
54,'23-JAN-2000','False','False',7,7
55,'21-JAN-2000','True','False',7,7
56,'11-JAN-2000','False','True',47,17
57,'12-JAN-2000','False','False',47,17
58,'22-JAN-2000','True','False',40,13
59,'9-JAN-2000','False','True',16,16
60,'6-JAN-2000','False','True',15,15
61,'27-JAN-2000','False','True',46,17
62,'26-JAN-2000','False','True',43,14
63,'25-JAN-2000','False','True',4,4
64,'26-JAN-2000','False','True',11,11
65,'25-MAY-2000','False','True',1,1
66,'27-JAN-2000','False','False',2,2
67,'8-JAN-2000','True','False',36,9
68,'11-JAN-2000','False','True',20,20
69,'28-JAN-2000','True','False',18,18
70,'17-JAN-2000','False','True',12,12
71,'24-JAN-2000','False','False',42,14
72,'27-JAN-2000','False','False',4,4
73,'27-JAN-2000','False','False',16,16
74,'25-JAN-2000','False','False',14,14
75,'22-JAN-2000','True','True',8,8
76,'12-JAN-2000','False','True',16,16
77,'23-JAN-2000','False','False',14,14
78,'18-JAN-2000','False','False',3,3
79,'9-JAN-2000','False','False',44,14
80,'15-JAN-2000','True','True',14,14
81,'8-JAN-2000','True','True',8,8
82,'16-JAN-2000','False','False',6,6
83,'1-JAN-2000','True','False',18,18
84,'4-JAN-2000','False','False',18,18
85,'26-JAN-2000','False','False',6,6
86,'5-JAN-2000','False','False',6,6
87,'26-JAN-2000','False','False',50,20
88,'11-JAN-2000','False','False',10,10
89,'8-JAN-2000','True','True',3,3
90,'24-JAN-2000','False','False',6,6
91,'13-JAN-2000','False','True',18,18
92,'8-JAN-2000','True','False',7,7
93,'1-JAN-2000','True','False',19,19
94,'8-JAN-2000','True','False',16,16
95,'18-JAN-2000','False','False',12,12
96,'24-JAN-2000','False','False',31,5
97,'27-JAN-2000','False','False',17,17
98,'4-JAN-2000','False','True',6,6
99,'1-JAN-2000','True','False',18,18
100,'8-JAN-2000','True','False',7,7
101,'15-JAN-2000','True','False',18,18
102,'21-JAN-2000','True','False',8,8
103,'12-JAN-2000','False','True',11,11
104,'25-JAN-2000','False','False',4,4
105,'21-JAN-2000','True','False',21,20
106,'1-JAN-2000','True','False',11,11
107,'6-JAN-2000','False','True',11,11
108,'28-JAN-2000','True','False',8,8
109,'5-JAN-2000','False','False',26,3
110,'24-JAN-2000','False','False',10,10
111,'6-JAN-2000','False','False',12,12
112,'1-JAN-2000','True','True',47,17
113,'27-JAN-2000','False','False',31,5
114,'16-JAN-2000','False','False',32,5
115,'6-JAN-2000','False','True',11,11
116,'7-JAN-2000','True','True',13,13
117,'20-JAN-2000','False','False',2,2
118,'9-JAN-2000','False','False',16,16
119,'28-JAN-2000','True','False',18,18
120,'21-JAN-2000','True','False',7,7
121,'11-JAN-2000','False','True',30,5
122,'19-JUN-2000','False','False',1,1
123,'18-JAN-2000','False','False',18,18
124,'7-JAN-2000','True','True',46,17
125,'27-JAN-2000','False','False',19,19
126,'13-JAN-2000','False','False',11,11
127,'26-JAN-2000','False','False',49,19
128,'18-JAN-2000','False','False',6,6
129,'17-JAN-2000','False','False',35,9
130,'12-JAN-2000','False','False',48,19
131,'17-JAN-2000','False','False',1,1
132,'17-JAN-2000','False','False',21,20
133,'6-JAN-2000','False','False',18,18
134,'6-JAN-2000','False','False',27,3
135,'9-MAY-2000','False','True',1,1
136,'14-JAN-2000','True','False',7,7
137,'25-JAN-2000','False','True',28,5
138,'11-JAN-2000','False','True',10,10
139,'13-JAN-2000','False','False',16,16
140,'13-JAN-2000','False','False',2,2
141,'14-JAN-2000','True','False',7,7
142,'8-JAN-2000','True','True',4,4
143,'29-JAN-2000','True','False',1,1
144,'28-JAN-2000','True','True',16,16
145,'22-JAN-2000','True','True',34,9
146,'7-JAN-2000','True','False',12,12
147,'28-JAN-2000','True','False',40,13
148,'8-JAN-2000','True','False',23,2
149,'21-JAN-2000','True','True',15,15
150,'5-JAN-2000','False','False',33,5
151,'2-JAN-2000','False','False',24,2
152,'24-JAN-2000','False','False',12,12
153,'11-MAR-2000','True','True',1,1
154,'1-JAN-2000','True','False',14,14
155,'15-JAN-2000','True','True',16,16
156,'3-JAN-2000','False','False',48,19
157,'28-JAN-2000','True','False',18,18
158,'6-JAN-2000','False','False',12,12
159,'26-JAN-2000','False','False',40,13
160,'5-JAN-2000','False','False',41,14
161,'7-JAN-2000','True','True',7,7
162,'2-JAN-2000','False','True',16,16
163,'22-JAN-2000','True','True',11,11
164,'4-JAN-2000','False','False',16,16
165,'7-JAN-2000','True','True',43,14
166,'7-JAN-2000','True','True',44,14
167,'1-JAN-2000','True','True',32,5
168,'28-JAN-2000','True','False',27,3
169,'17-JAN-2000','False','True',16,16
170,'6-JAN-2000','False','False',4,4
171,'17-JAN-2000','False','True',24,2
172,'12-JAN-2000','False','False',6,6
173,'16-JAN-2000','False','True',49,19
174,'29-JAN-2000','True','False',18,18
175,'27-OCT-2000','True','False',1,1
176,'6-DEC-2000','False','False',1,1
177,'7-JAN-2000','True','False',7,7
178,'21-JAN-2000','True','True',35,9
179,'26-JAN-2000','False','True',4,4
180,'3-JAN-2000','False','False',18,18
181,'23-JAN-2000','False','False',48,19
182,'5-JAN-2000','False','True',20,20
183,'12-JAN-2000','False','False',19,19
184,'20-JAN-2000','False','True',46,17
185,'23-JAN-2000','False','False',6,6
186,'15-JAN-2000','True','False',8,8
187,'12-JAN-2000','False','False',12,12
188,'11-JAN-2000','False','True',39,13
189,'23-JAN-2000','False','True',7,7
190,'27-JAN-2000','False','True',40,13
191,'17-JAN-2000','False','False',10,10
192,'29-JAN-2000','True','True',11,11
193,'13-JAN-2000','False','False',48,19
194,'23-JAN-2000','False','False',3,3
195,'13-JAN-2000','False','False',12,12
196,'24-JAN-2000','False','False',35,9
197,'24-DEC-2000','False','False',1,1
198,'14-JAN-2000','True','False',4,4
199,'4-JAN-2000','False','False',24,2
200,'18-JAN-2000','False','True',36,9
201,'8-JAN-2000','True','False',16,16
202,'3-JAN-2000','False','False',15,15
203,'12-JAN-2000','False','False',14,14
204,'26-JAN-2000','False','False',10,10
205,'25-JAN-2000','False','True',16,16
206,'3-JAN-2000','False','False',46,17
207,'12-JAN-2000','False','False',15,15
208,'8-JAN-2000','True','False',16,16
209,'28-JAN-2000','True','True',12,12
210,'25-JAN-2000','False','True',7,7
211,'1-JAN-2000','True','False',16,16
212,'3-JAN-2000','False','False',38,9
213,'23-JAN-2000','False','True',8,8
214,'4-JAN-2000','False','True',18,18
215,'20-JAN-2000','False','False',33,5
216,'21-JAN-2000','True','True',16,16
217,'5-JAN-2000','False','False',12,12
218,'22-JAN-2000','True','False',18,18
219,'7-JAN-2000','True','True',26,3
220,'4-JAN-2000','False','False',40,13
221,'9-JAN-2000','False','False',11,11
222,'24-JAN-2000','False','True',11,11
223,'8-JAN-2000','True','False',10,10
224,'6-JAN-2000','False','False',49,19
225,'5-JAN-2000','False','True',6,6
226,'9-JAN-2000','False','False',11,11
227,'28-JAN-2000','True','False',15,15
228,'22-JAN-2000','True','True',11,11
229,'4-JAN-2000','False','False',10,10
230,'12-JAN-2000','False','False',11,11
231,'11-JAN-2000','False','True',45,17
232,'14-JAN-2000','True','False',7,7
233,'8-JAN-2000','True','False',36,9
234,'17-JAN-2000','False','False',26,3
235,'13-JAN-2000','False','True',13,13
236,'10-JAN-2000','False','False',50,20
237,'16-JAN-2000','False','False',15,15
238,'10-JAN-2000','False','True',12,12
239,'13-JAN-2000','False','False',4,4
240,'25-JAN-2000','False','False',15,15
241,'9-JAN-2000','False','False',34,9
242,'1-JAN-2000','True','False',12,12
243,'22-JAN-2000','True','False',14,14
244,'25-JAN-2000','False','False',38,9
245,'29-JAN-2000','True','False',31,5
246,'15-JAN-2000','True','True',18,18
247,'21-JAN-2000','True','False',31,5
248,'1-JAN-2000','True','False',34,9
249,'21-JAN-2000','True','True',42,14
250,'1-JAN-2000','True','True',19,19
251,'13-JAN-2000','False','False',50,20
252,'26-JAN-2000','False','True',9,9
253,'5-JAN-2000','False','False',43,14
254,'25-JAN-2000','False','False',7,7
255,'12-JAN-2000','False','False',10,10
256,'20-JAN-2000','False','False',17,17
257,'13-JAN-2000','False','False',8,8
258,'25-JAN-2000','False','False',21,20
259,'29-JAN-2000','True','False',18,18
260,'10-JAN-2000','False','True',4,4
261,'7-JAN-2000','True','False',7,7
262,'18-JAN-2000','False','True',10,10
263,'18-JAN-2000','False','False',16,16
264,'29-JAN-2000','True','True',18,18
265,'26-JAN-2000','False','False',7,7
266,'7-JAN-2000','True','True',16,16
267,'29-AUG-2000','False','True',1,1
268,'7-JAN-2000','True','False',28,5
269,'7-JAN-2000','True','False',8,8
270,'23-JAN-2000','False','False',40,13
271,'24-JAN-2000','False','True',46,17
272,'6-JAN-2000','False','True',10,10
273,'13-JAN-2000','False','False',11,11
274,'7-JAN-2000','True','False',22,2
275,'19-JAN-2000','False','False',3,3
276,'19-JAN-2000','False','False',11,11
277,'22-JAN-2000','True','False',13,13
278,'6-JAN-2000','False','False',43,14
279,'19-JAN-2000','False','False',38,9
280,'25-JAN-2000','False','False',20,20
281,'22-JAN-2000','True','True',5,5
282,'4-JAN-2000','False','False',6,6
283,'1-JAN-2000','True','False',26,3
284,'13-JAN-2000','False','False',46,17
285,'20-JAN-2000','False','False',18,18
286,'15-JAN-2000','True','False',6,6
287,'21-JAN-2000','True','True',2,2
288,'23-JAN-2000','False','True',11,11
289,'15-JAN-2000','True','False',2,2
290,'26-JAN-2000','False','True',11,11
291,'17-JAN-2000','False','False',23,2
292,'25-JAN-2000','False','False',6,6
293,'24-JUN-2000','True','False',1,1
294,'20-JAN-2000','False','False',49,19
295,'14-JAN-2000','True','False',20,20
296,'15-JAN-2000','True','False',16,16
297,'12-JAN-2000','False','False',44,14
298,'26-JAN-2000','False','True',19,19
299,'23-NOV-2000','False','False',1,1
300,'5-JAN-2000','False','False',11,11
301,'18-JAN-2000','False','False',16,16
302,'17-JAN-2000','False','True',38,9
303,'23-JAN-2000','False','False',8,8
304,'27-JAN-2000','False','False',8,8
305,'7-MAY-2000','False','False',1,1
306,'13-JAN-2000','False','True',45,17
307,'22-JAN-2000','True','True',14,14
308,'18-JAN-2000','False','True',26,3
309,'24-JAN-2000','False','True',19,19
310,'1-JAN-2000','True','False',16,16
311,'6-JAN-2000','False','False',12,12
312,'13-JAN-2000','False','True',8,8
313,'18-JAN-2000','False','False',22,2
314,'27-JAN-2000','False','False',12,12
315,'10-JAN-2000','False','False',20,20
316,'13-JAN-2000','False','False',45,17
317,'1-JAN-2000','True','False',8,8
318,'1-JAN-2000','True','False',10,10
319,'5-JAN-2000','False','False',19,19
320,'15-JAN-2000','True','False',16,16
321,'24-JAN-2000','False','False',2,2
322,'21-JAN-2000','True','True',17,17
323,'13-JAN-2000','False','True',18,18
324,'11-JAN-2000','False','False',42,14
325,'7-JAN-2000','True','False',10,10
326,'20-JAN-2000','False','False',16,16
327,'17-JAN-2000','False','False',19,19
328,'19-JAN-2000','False','False',40,13
329,'11-JAN-2000','False','False',12,12
330,'12-JAN-2000','False','True',35,9
331,'26-JAN-2000','False','True',48,19
332,'28-JAN-2000','True','False',46,17
333,'4-JAN-2000','False','False',20,20
334,'2-OCT-2000','False','True',1,1
335,'19-JAN-2000','False','True',12,12
336,'12-JAN-2000','False','True',10,10
337,'5-JAN-2000','False','False',44,14
338,'19-JAN-2000','False','False',4,4
339,'22-JAN-2000','True','True',11,11
340,'10-JAN-2000','False','True',6,6
341,'14-JAN-2000','True','False',10,10
342,'1-JAN-2000','True','False',6,6
343,'6-JAN-2000','False','False',28,5
344,'29-JAN-2000','True','False',12,12
345,'19-JAN-2000','False','False',7,7
346,'26-JAN-2000','False','False',49,19
347,'22-JAN-2000','True','True',19,19
348,'17-JAN-2000','False','False',6,6
349,'29-JAN-2000','True','False',46,17
350,'15-JAN-2000','True','False',10,10
351,'26-JAN-2000','False','False',12,12
352,'22-JAN-2000','True','False',15,15
353,'12-JAN-2000','False','False',18,18
354,'26-JAN-2000','False','False',40,13
355,'12-JAN-2000','False','True',11,11
356,'29-JAN-2000','True','False',20,20
357,'19-JAN-2000','False','False',8,8
358,'8-JAN-2000','True','False',17,17
359,'23-JAN-2000','False','True',8,8
360,'8-JAN-2000','True','False',8,8
361,'13-JAN-2000','False','False',28,5
362,'6-JAN-2000','False','False',6,6
363,'23-JAN-2000','False','False',12,12
364,'9-NOV-2000','False','True',1,1
365,'6-JAN-2000','False','False',39,13
366,'10-JAN-2000','False','False',4,4
367,'5-JAN-2000','False','False',22,2
368,'29-JAN-2000','True','True',40,13
369,'25-JAN-2000','False','True',16,16
370,'15-JAN-2000','True','False',7,7
371,'28-JAN-2000','True','True',16,16
372,'7-JAN-2000','True','True',32,5
373,'27-JAN-2000','False','True',26,3
374,'24-JAN-2000','False','True',6,6
375,'11-JAN-2000','False','False',8,8
376,'1-JAN-2000','True','False',8,8
377,'7-JAN-2000','True','False',15,15
378,'27-JAN-2000','False','False',4,4
379,'5-JAN-2000','False','False',7,7
380,'25-JAN-2000','False','False',6,6
381,'2-JAN-2000','False','True',49,19
382,'20-JAN-2000','False','False',6,6
383,'26-JAN-2000','False','False',7,7
384,'26-SEP-2000','False','False',1,1
385,'11-JAN-2000','False','True',26,3
386,'26-JAN-2000','False','False',24,2
387,'23-JAN-2000','False','True',48,19
388,'26-JAN-2000','False','False',6,6
389,'7-JAN-2000','True','False',18,18
390,'1-JAN-2000','True','False',16,16
391,'27-JAN-2000','False','True',10,10
392,'23-JAN-2000','False','True',6,6
393,'13-JAN-2000','False','True',21,20
394,'15-JAN-2000','True','False',7,7
395,'16-JAN-2000','False','True',24,2
396,'26-JAN-2000','False','True',24,2
397,'7-AUG-2000','False','True',1,1
398,'26-JAN-2000','False','True',16,16
399,'1-JAN-2000','True','False',45,17
400,'7-JAN-2000','True','True',7,7
401,'23-JAN-2000','False','False',15,15
402,'9-JAN-2000','False','False',49,19
403,'25-JAN-2000','False','False',40,13
404,'9-JAN-2000','False','False',41,14
405,'20-JAN-2000','False','True',13,13
406,'12-JAN-2000','False','False',24,2
407,'12-JAN-2000','False','False',46,17
408,'22-JAN-2000','True','True',12,12
409,'5-JAN-2000','False','True',39,13
410,'3-JAN-2000','False','False',12,12
411,'2-JAN-2000','False','True',4,4
412,'22-JAN-2000','True','True',39,13
413,'15-JAN-2000','True','False',12,12
414,'29-JAN-2000','True','True',22,2
415,'9-JAN-2000','False','False',6,6
416,'20-JAN-2000','False','True',7,7
417,'29-JAN-2000','True','True',24,2
418,'25-JAN-2000','False','False',12,12
419,'14-JAN-2000','True','True',6,6
420,'3-JAN-2000','False','False',42,14
421,'17-JAN-2000','False','False',6,6
422,'11-JAN-2000','False','False',25,3
423,'27-JAN-2000','False','False',2,2
424,'10-JAN-2000','False','True',47,17
425,'16-JAN-2000','False','False',4,4
426,'10-AUG-2000','False','False',1,1
427,'16-JAN-2000','False','True',10,10
428,'27-JAN-2000','False','True',7,7
429,'27-JAN-2000','False','True',16,16
430,'11-JAN-2000','False','False',12,12
431,'10-JAN-2000','False','False',37,9
432,'3-JAN-2000','False','False',46,17
433,'20-JAN-2000','False','False',44,14
434,'28-JAN-2000','True','False',18,18
435,'1-JAN-2000','True','True',47,17
436,'16-JAN-2000','False','True',46,17
437,'13-JAN-2000','False','True',48,19
438,'17-JAN-2000','False','True',16,16
439,'10-JAN-2000','False','False',38,9
440,'24-JUN-2000','True','True',1,1
441,'3-JAN-2000','False','False',11,11
442,'27-JAN-2000','False','False',27,3
443,'8-JAN-2000','True','True',11,11
444,'25-JAN-2000','False','False',21,20
445,'3-JAN-2000','False','False',6,6
446,'26-JAN-2000','False','False',15,15
447,'20-AUG-2000','False','False',1,1
448,'14-JAN-2000','True','False',4,4
449,'28-JAN-2000','True','False',43,14
450,'26-JAN-2000','False','False',6,6
451,'26-JAN-2000','False','False',18,18
452,'9-JAN-2000','False','False',3,3
453,'1-JAN-2000','True','False',17,17
454,'18-JAN-2000','False','True',10,10
455,'13-JAN-2000','False','False',35,9
456,'2-JAN-2000','False','False',32,5
457,'18-JAN-2000','False','True',23,2
458,'14-JAN-2000','True','False',15,15
459,'13-JAN-2000','False','True',2,2
460,'23-JAN-2000','False','False',11,11
461,'24-JAN-2000','False','False',8,8
462,'10-JAN-2000','False','True',34,9
463,'23-JAN-2000','False','False',18,18
464,'23-JAN-2000','False','False',20,20
465,'6-JAN-2000','False','False',24,2
466,'25-JAN-2000','False','False',39,13
467,'18-NOV-2000','True','False',1,1
468,'19-JAN-2000','False','True',47,17
469,'15-JAN-2000','True','True',11,11
470,'1-JAN-2000','True','False',12,12
471,'5-JAN-2000','False','True',7,7
472,'3-JAN-2000','False','False',34,9
473,'21-JAN-2000','True','False',12,12
474,'14-JAN-2000','True','False',15,15
475,'6-JAN-2000','False','True',49,19
476,'3-JAN-2000','False','True',11,11
477,'7-JAN-2000','True','True',40,13
478,'11-JAN-2000','False','True',40,13
479,'29-JAN-2000','True','False',15,15
480,'19-JAN-2000','False','False',22,2
481,'29-JAN-2000','True','False',18,18
482,'27-JUL-2000','False','False',1,1
483,'25-JAN-2000','False','True',7,7
484,'13-JAN-2000','False','False',19,19
485,'17-JAN-2000','False','False',10,10
486,'26-FEB-2000','True','True',1,1
487,'6-JAN-2000','False','False',21,20
488,'23-JAN-2000','False','False',18,18
489,'12-JAN-2000','False','False',8,8
490,'19-JAN-2000','False','False',19,19
491,'11-JAN-2000','False','True',12,12
492,'28-JAN-2000','True','True',15,15
493,'5-JAN-2000','False','False',8,8
494,'10-JUN-2000','True','True',1,1
495,'19-JAN-2000','False','False',49,19
496,'24-JAN-2000','False','True',11,11
497,'11-JAN-2000','False','True',34,9
498,'25-JAN-2000','False','True',7,7
499,'16-JAN-2000','False','False',7,7
500,'28-JAN-2000','True','True',30,5
501,'14-JUN-2000','False','False',1,1
502,'9-JAN-2000','False','True',31,5
503,'21-JAN-2000','True','False',48,19
504,'14-JAN-2000','True','True',19,19
505,'20-JAN-2000','False','False',42,14
506,'9-JAN-2000','False','False',10,10
507,'17-JAN-2000','False','False',4,4
508,'5-JAN-2000','False','False',22,2
509,'25-JAN-2000','False','False',2,2
510,'27-JAN-2000','False','True',33,5
511,'13-JAN-2000','False','False',13,13
512,'13-JAN-2000','False','False',4,4
513,'29-JAN-2000','True','False',18,18
514,'10-JAN-2000','False','True',24,2
515,'15-JAN-2000','True','False',18,18
516,'8-JAN-2000','True','False',19,19
517,'2-JAN-2000','False','True',17,17
518,'17-JAN-2000','False','False',12,12
519,'1-JAN-2000','True','False',16,16
520,'16-JAN-2000','False','False',49,19
521,'29-JAN-2000','True','False',15,15
522,'9-JAN-2000','False','True',40,13
523,'6-JAN-2000','False','True',18,18
524,'15-JAN-2000','True','False',10,10
525,'9-JAN-2000','False','True',2,2
526,'12-JAN-2000','False','False',24,2
527,'13-JAN-2000','False','False',2,2
528,'18-JAN-2000','False','False',10,10
529,'29-JAN-2000','True','False',7,7
530,'24-JAN-2000','False','False',25,3
531,'27-JAN-2000','False','False',6,6
532,'9-JAN-2000','False','False',48,19
533,'20-JAN-2000','False','False',27,3
534,'12-JAN-2000','False','False',6,6
535,'18-JAN-2000','False','False',27,3
536,'25-JAN-2000','False','True',6,6
537,'16-JAN-2000','False','False',15,15
538,'20-JAN-2000','False','False',8,8
539,'6-JAN-2000','False','False',24,2
540,'1-JAN-2000','True','False',10,10
541,'24-JAN-2000','False','False',16,16
542,'26-JAN-2000','False','False',15,15
543,'4-JAN-2000','False','False',15,15
544,'9-JAN-2000','False','False',8,8
545,'4-JAN-2000','False','False',39,13
546,'23-JAN-2000','False','False',15,15
547,'11-JAN-2000','False','True',47,17
548,'25-JAN-2000','False','False',3,3
549,'24-JAN-2000','False','False',10,10
550,'28-JAN-2000','True','False',6,6
551,'26-JAN-2000','False','False',24,2
552,'25-JAN-2000','False','False',10,10
553,'23-JAN-2000','False','True',15,15
554,'17-JAN-2000','False','False',8,8
555,'26-JAN-2000','False','False',12,12
556,'11-JAN-2000','False','False',40,13
557,'23-JAN-2000','False','True',12,12
558,'23-DEC-2000','True','False',1,1
559,'13-JAN-2000','False','True',23,2
560,'4-JAN-2000','False','True',35,9
561,'7-JAN-2000','True','False',11,11
562,'12-JAN-2000','False','False',47,17
563,'1-JAN-2000','True','False',31,5
564,'3-JAN-2000','False','False',36,9
565,'24-JAN-2000','False','True',12,12
566,'3-JAN-2000','False','False',30,5
567,'24-JAN-2000','False','False',11,11
568,'3-JAN-2000','False','False',31,5
569,'18-JAN-2000','False','False',14,14
570,'19-JAN-2000','False','True',42,14
571,'28-JAN-2000','True','False',8,8
572,'10-JAN-2000','False','False',6,6
573,'19-JAN-2000','False','False',6,6
574,'25-JAN-2000','False','False',18,18
575,'8-JAN-2000','True','False',33,5
576,'21-JAN-2000','True','False',16,16
577,'26-JAN-2000','False','True',10,10
578,'4-JAN-2000','False','False',4,4
579,'15-JAN-2000','True','False',6,6
580,'6-JAN-2000','False','True',26,3
581,'26-JAN-2000','False','False',48,19
582,'23-JAN-2000','False','True',45,17
583,'4-JAN-2000','False','False',6,6
584,'21-JAN-2000','True','False',12,12
585,'25-OCT-2000','False','True',1,1
586,'4-JAN-2000','False','False',8,8
587,'29-JAN-2000','True','False',15,15
588,'1-JAN-2000','True','False',21,20
589,'13-JAN-2000','False','False',28,5
590,'26-JAN-2000','False','False',12,12
591,'1-JAN-2000','True','False',49,19
592,'5-JAN-2000','False','True',16,16
593,'16-JAN-2000','False','False',18,18
594,'25-JAN-2000','False','False',25,3
595,'23-JAN-2000','False','False',8,8
596,'10-JAN-2000','False','False',40,13
597,'4-JAN-2000','False','False',8,8
598,'3-JAN-2000','False','False',38,9
599,'16-JAN-2000','False','False',43,14
600,'16-JAN-2000','False','False',7,7
601,'22-JAN-2000','True','True',17,17
602,'13-JAN-2000','False','True',16,16
603,'19-JAN-2000','False','True',24,2
604,'27-JAN-2000','False','False',8,8
605,'21-JAN-2000','True','False',15,15
606,'2-JAN-2000','False','False',11,11
607,'22-JAN-2000','True','False',42,14
608,'12-JAN-2000','False','False',12,12
609,'25-JAN-2000','False','False',10,10
610,'7-JAN-2000','True','False',23,2
611,'13-JAN-2000','False','False',11,11
612,'27-JAN-2000','False','False',41,14
613,'8-JAN-2000','True','False',40,13
614,'4-JAN-2000','False','True',8,8
615,'8-JAN-2000','True','True',30,5
616,'6-JAN-2000','False','False',14,14
617,'12-JAN-2000','False','False',14,14
618,'6-JAN-2000','False','False',4,4
619,'9-JAN-2000','False','False',4,4
620,'5-JAN-2000','False','True',50,20
621,'14-JAN-2000','True','True',22,2
622,'19-JAN-2000','False','False',13,13
623,'1-JAN-2000','True','False',41,14
624,'13-JAN-2000','False','False',8,8
625,'9-JAN-2000','False','False',32,5
626,'23-JAN-2000','False','False',8,8
627,'12-JAN-2000','False','True',12,12
628,'21-JAN-2000','True','False',18,18
629,'16-JAN-2000','False','False',11,11
630,'21-JAN-2000','True','False',48,19
631,'11-JAN-2000','False','False',4,4
632,'3-JAN-2000','False','False',18,18
633,'8-JAN-2000','True','False',15,15
634,'25-JAN-2000','False','True',40,13
635,'17-JAN-2000','False','False',4,4
636,'14-JAN-2000','True','False',3,3
637,'2-JAN-2000','False','True',10,10
638,'14-JAN-2000','True','True',24,2
639,'19-JAN-2000','False','False',44,14
640,'26-JAN-2000','False','False',11,11
641,'14-JAN-2000','True','False',31,5
642,'5-JAN-2000','False','False',4,4
643,'7-JAN-2000','True','False',11,11
644,'7-JAN-2000','True','True',20,20
645,'16-MAY-2000','False','True',1,1
646,'26-JAN-2000','False','False',19,19
647,'21-JAN-2000','True','True',45,17
648,'9-JAN-2000','False','False',6,6
649,'17-JAN-2000','False','False',20,20
650,'10-JAN-2000','False','False',17,17
651,'7-JAN-2000','True','True',7,7
652,'24-JAN-2000','False','True',20,20
653,'18-JAN-2000','False','True',29,5
654,'13-JAN-2000','False','False',49,19
655,'9-JAN-2000','False','False',29,5
656,'20-OCT-2000','True','False',1,1
657,'25-JAN-2000','False','False',49,19
658,'15-JAN-2000','True','False',45,17
659,'22-JAN-2000','True','True',48,19
660,'25-JAN-2000','False','False',48,19
661,'29-JAN-2000','True','False',6,6
662,'16-JAN-2000','False','False',50,20
663,'3-JAN-2000','False','False',10,10
664,'14-JAN-2000','True','False',28,5
665,'4-JAN-2000','False','False',19,19
666,'20-JUL-2000','False','False',1,1
667,'17-JAN-2000','False','False',7,7
668,'14-JAN-2000','True','True',13,13
669,'1-JAN-2000','True','False',46,17
670,'26-JAN-2000','False','False',11,11
671,'4-JAN-2000','False','False',10,10
672,'15-JAN-2000','True','False',41,14
673,'18-JAN-2000','False','True',10,10
674,'1-JAN-2000','True','False',26,3
675,'9-JAN-2000','False','True',7,7
676,'9-JAN-2000','False','False',48,19
677,'6-FEB-2000','False','False',1,1
678,'12-JAN-2000','False','True',18,18
679,'14-JAN-2000','True','True',7,7
680,'19-JAN-2000','False','False',18,18
681,'25-JAN-2000','False','False',10,10
682,'12-JAN-2000','False','False',8,8
683,'13-JAN-2000','False','False',27,3
684,'28-JAN-2000','True','True',20,20
685,'29-JAN-2000','True','True',10,10
686,'7-JAN-2000','True','False',6,6
687,'29-JAN-2000','True','True',10,10
688,'11-JAN-2000','False','True',50,20
689,'29-JAN-2000','True','True',46,17
690,'27-JUL-2000','False','True',1,1
691,'10-JAN-2000','False','False',22,2
692,'15-JAN-2000','True','False',25,3
693,'13-JAN-2000','False','False',11,11
694,'5-JAN-2000','False','False',15,15
695,'27-JAN-2000','False','False',27,3
696,'20-JAN-2000','False','False',36,9
697,'8-JAN-2000','True','False',6,6
698,'28-JAN-2000','True','False',15,15
699,'8-JAN-2000','True','False',10,10
700,'29-JAN-2000','True','True',6,6
701,'11-JAN-2000','False','True',16,16
702,'21-JAN-2000','True','True',11,11
703,'25-JAN-2000','False','False',7,7
704,'4-JAN-2000','False','False',16,16
705,'11-JAN-2000','False','False',10,10
706,'14-JAN-2000','True','False',41,14
707,'25-JAN-2000','False','True',12,12
708,'19-JAN-2000','False','False',23,2
709,'13-JAN-2000','False','True',27,3
710,'11-JAN-2000','False','False',11,11
711,'26-JAN-2000','False','True',29,5
712,'27-JAN-2000','False','True',8,8
713,'9-JAN-2000','False','True',49,19
714,'25-JAN-2000','False','False',32,5
715,'10-JAN-2000','False','False',22,2
716,'27-JAN-2000','False','False',16,16
717,'24-JAN-2000','False','False',33,5
718,'7-JAN-2000','True','False',15,15
719,'9-JAN-2000','False','False',10,10
720,'15-JAN-2000','True','False',15,15
721,'2-JAN-2000','False','True',4,4
722,'27-JAN-2000','False','False',12,12
723,'1-JAN-2000','True','False',1,1
724,'4-JAN-2000','False','False',46,17
725,'6-JAN-2000','False','False',43,14
726,'22-JAN-2000','True','True',18,18
727,'11-JAN-2000','False','True',2,2
728,'4-JAN-2000','False','True',6,6
729,'1-JAN-2000','True','False',15,15
730,'22-MAR-2000','False','False',1,1
731,'23-JAN-2000','False','False',15,15
732,'26-JAN-2000','False','True',22,2
733,'18-MAR-2000','True','False',1,1
734,'13-JAN-2000','False','False',4,4
735,'19-JAN-2000','False','False',6,6
736,'11-JAN-2000','False','False',7,7
737,'19-JAN-2000','False','False',11,11
738,'7-JAN-2000','True','False',17,17
739,'10-JAN-2000','False','False',41,14
740,'21-JAN-2000','True','False',35,9
741,'21-JAN-2000','True','False',22,2
742,'7-JAN-2000','True','False',18,18
743,'25-JAN-2000','False','False',15,15
744,'5-JAN-2000','False','True',44,14
745,'3-JAN-2000','False','False',49,19
746,'20-JAN-2000','False','False',6,6
747,'5-JAN-2000','False','False',12,12
748,'26-JAN-2000','False','False',11,11
749,'16-JAN-2000','False','False',49,19
750,'11-APR-2000','False','False',1,1
751,'20-JAN-2000','False','False',12,12
752,'10-JAN-2000','False','True',2,2
753,'9-JAN-2000','False','False',10,10
754,'26-JAN-2000','False','False',20,20
755,'4-JAN-2000','False','False',11,11
756,'6-JAN-2000','False','False',49,19
757,'8-SEP-2000','True','False',1,1
758,'17-JAN-2000','False','True',15,15
759,'19-JAN-2000','False','True',11,11
760,'12-JAN-2000','False','False',31,5
761,'5-JAN-2000','False','False',11,11
762,'13-JAN-2000','False','True',41,14
763,'20-JAN-2000','False','False',12,12
764,'27-JAN-2000','False','False',26,3
765,'8-JAN-2000','True','False',8,8
766,'1-JAN-2000','True','True',23,2
767,'24-JAN-2000','False','False',38,9
768,'17-JAN-2000','False','False',8,8
769,'11-JAN-2000','False','False',43,14
770,'27-JAN-2000','False','True',22,2
771,'13-JAN-2000','False','False',7,7
772,'23-JAN-2000','False','False',8,8
773,'12-JAN-2000','False','True',11,11
774,'28-JAN-2000','True','False',4,4
775,'21-JAN-2000','True','False',11,11
776,'23-JAN-2000','False','False',13,13
777,'13-JAN-2000','False','True',17,17
778,'1-JAN-2000','True','False',8,8
779,'5-JAN-2000','False','False',16,16
780,'23-JAN-2000','False','False',8,8
781,'9-JAN-2000','False','False',10,10
782,'10-JAN-2000','False','False',15,15
783,'22-JAN-2000','True','False',42,14
784,'14-JAN-2000','True','True',11,11
785,'4-JAN-2000','False','False',8,8
786,'6-JAN-2000','False','True',46,17
787,'29-JAN-2000','True','False',43,14
788,'13-JAN-2000','False','False',28,5
789,'6-JAN-2000','False','False',15,15
790,'7-JAN-2000','True','False',16,16
791,'19-JAN-2000','False','True',15,15
792,'26-JAN-2000','False','True',39,13
793,'23-JAN-2000','False','False',26,3
794,'7-JAN-2000','True','False',6,6
795,'9-JAN-2000','False','False',16,16
796,'29-JAN-2000','True','True',8,8
797,'1-JAN-2000','True','True',42,14
798,'8-JAN-2000','True','True',49,19
799,'21-JAN-2000','True','False',34,9
800,'7-JAN-2000','True','False',11,11
801,'25-JAN-2000','False','False',18,18
802,'3-JAN-2000','False','False',11,11
803,'10-JAN-2000','False','False',12,12
804,'14-JAN-2000','True','True',48,19
805,'7-JAN-2000','True','False',21,20
806,'7-JAN-2000','True','False',39,13
807,'26-JAN-2000','False','True',50,20
808,'20-JAN-2000','False','False',7,7
809,'18-JAN-2000','False','False',21,20
810,'24-JAN-2000','False','False',23,2
811,'15-JAN-2000','True','False',15,15
812,'9-JAN-2000','False','False',11,11
813,'12-JAN-2000','False','True',2,2
814,'10-JAN-2000','False','False',8,8
815,'23-JAN-2000','False','False',16,16
816,'16-JAN-2000','False','True',42,14
817,'7-JAN-2000','True','True',15,15
818,'27-JAN-2000','False','False',25,3
819,'22-JAN-2000','True','False',32,5
820,'22-JAN-2000','True','False',15,15
821,'20-JAN-2000','False','True',11,11
822,'23-JAN-2000','False','False',15,15
823,'15-JAN-2000','True','True',12,12
824,'24-JAN-2000','False','False',10,10
825,'9-JAN-2000','False','False',47,17
826,'17-JAN-2000','False','False',7,7
827,'21-JAN-2000','True','False',16,16
828,'26-JAN-2000','False','False',42,14
829,'4-JAN-2000','False','True',12,12
830,'8-JAN-2000','True','False',1,1
831,'22-JAN-2000','True','False',18,18
832,'12-JAN-2000','False','False',6,6
833,'13-JAN-2000','False','False',18,18
834,'14-JAN-2000','True','False',1,1
835,'26-JAN-2000','False','True',7,7
836,'19-JAN-2000','False','False',7,7
837,'4-JAN-2000','False','False',7,7
838,'17-JAN-2000','False','False',15,15
839,'29-JAN-2000','True','False',4,4
840,'18-JAN-2000','False','True',16,16
841,'26-JAN-2000','False','True',47,17
842,'21-JAN-2000','True','True',11,11
843,'15-JAN-2000','True','True',8,8
844,'20-JAN-2000','False','False',4,4
845,'4-JAN-2000','False','True',8,8
846,'10-JAN-2000','False','False',29,5
847,'14-JAN-2000','True','False',50,20
848,'15-JAN-2000','True','True',39,13
849,'9-JAN-2000','False','False',35,9
850,'11-JAN-2000','False','False',10,10
851,'26-JAN-2000','False','True',44,14
852,'20-MAR-2000','False','True',1,1
853,'14-JAN-2000','True','False',6,6
854,'10-JAN-2000','False','False',8,8
855,'25-JAN-2000','False','True',1,1
856,'21-JAN-2000','True','False',49,19
857,'4-JAN-2000','False','False',15,15
858,'7-JAN-2000','True','True',48,19
859,'7-JAN-2000','True','False',6,6
860,'26-JAN-2000','False','True',6,6
861,'20-JAN-2000','False','False',12,12
862,'29-JAN-2000','True','False',10,10
863,'23-JAN-2000','False','False',15,15
864,'1-JAN-2000','True','True',11,11
865,'20-JAN-2000','False','False',3,3
866,'25-JAN-2000','False','False',15,15
867,'16-JAN-2000','False','False',39,13
868,'17-JAN-2000','False','False',4,4
869,'17-JAN-2000','False','False',10,10
870,'28-JAN-2000','True','True',33,5
871,'11-JAN-2000','False','False',7,7
872,'7-JAN-2000','True','True',8,8
873,'17-AUG-2000','False','False',1,1
874,'25-JAN-2000','False','False',4,4
875,'29-APR-2000','True','True',1,1
876,'27-JUL-2000','False','True',1,1
877,'17-JAN-2000','False','True',47,17
878,'27-JAN-2000','False','False',8,8
879,'26-JAN-2000','False','False',25,3
880,'15-JAN-2000','True','True',18,18
881,'15-JAN-2000','True','True',16,16
882,'29-JAN-2000','True','False',15,15
883,'28-JAN-2000','True','True',18,18
884,'1-JAN-2000','True','False',16,16
885,'8-JAN-2000','True','False',6,6
886,'11-JAN-2000','False','True',19,19
887,'13-JAN-2000','False','False',16,16
888,'12-JAN-2000','False','False',40,13
889,'26-JAN-2000','False','True',15,15
890,'6-JAN-2000','False','False',31,5
891,'17-JAN-2000','False','False',11,11
892,'7-JAN-2000','True','False',27,3
893,'8-JAN-2000','True','False',42,14
894,'4-JUN-2000','False','False',1,1
895,'26-JAN-2000','False','False',10,10
896,'27-JAN-2000','False','False',15,15
897,'18-JAN-2000','False','False',11,11
898,'3-JAN-2000','False','False',12,12
899,'28-JAN-2000','True','False',6,6
900,'28-JAN-2000','True','True',50,20
901,'14-JAN-2000','True','True',29,5
902,'9-JAN-2000','False','False',18,18
903,'28-JAN-2000','True','True',20,20
904,'11-JAN-2000','False','False',15,15
905,'24-JAN-2000','False','True',10,10
906,'14-JAN-2000','True','False',13,13
907,'23-JAN-2000','False','False',48,19
908,'20-JAN-2000','False','False',21,20
909,'21-JAN-2000','True','False',21,20
910,'25-JAN-2000','False','False',18,18
911,'4-JAN-2000','False','False',6,6
912,'8-NOV-2000','False','False',1,1
913,'16-JAN-2000','False','False',6,6
914,'12-JAN-2000','False','False',6,6
915,'2-JAN-2000','False','False',8,8
916,'10-JAN-2000','False','False',45,17
917,'20-JAN-2000','False','False',4,4
918,'24-JAN-2000','False','True',12,12
919,'17-JAN-2000','False','False',6,6
920,'20-JAN-2000','False','False',2,2
921,'10-JAN-2000','False','False',8,8
922,'7-JAN-2000','True','False',15,15
923,'21-JAN-2000','True','False',11,11
924,'22-JAN-2000','True','True',7,7
925,'14-JAN-2000','True','False',21,20
926,'29-JAN-2000','True','False',7,7
927,'12-JAN-2000','False','True',8,8
928,'16-JAN-2000','False','False',19,19
929,'1-JAN-2000','True','False',4,4
930,'12-NOV-2000','False','True',1,1
931,'10-JAN-2000','False','False',2,2
932,'29-JAN-2000','True','False',7,7
933,'15-JAN-2000','True','False',21,20
934,'29-JAN-2000','True','False',7,7
935,'20-JAN-2000','False','True',39,13
936,'5-JAN-2000','False','False',16,16
937,'25-JAN-2000','False','False',35,9
938,'27-JAN-2000','False','False',18,18
939,'10-JAN-2000','False','False',6,6
940,'7-JAN-2000','True','True',27,3
941,'13-JAN-2000','False','False',12,12
942,'29-JAN-2000','True','False',15,15
943,'23-JAN-2000','False','True',6,6
944,'16-JAN-2000','False','False',4,4
945,'5-JAN-2000','False','False',30,5
946,'12-JAN-2000','False','False',50,20
947,'8-SEP-2000','True','False',1,1
948,'19-JAN-2000','False','True',25,3
949,'9-JAN-2000','False','True',42,14
950,'17-JAN-2000','False','False',16,16
951,'18-JAN-2000','False','False',17,17
952,'14-JAN-2000','True','False',4,4
953,'28-JAN-2000','True','True',11,11
954,'18-JAN-2000','False','True',21,20
955,'21-JAN-2000','True','True',49,19
956,'7-JAN-2000','True','True',21,20
957,'20-JAN-2000','False','False',15,15
958,'24-JAN-2000','False','False',18,18
959,'5-JAN-2000','False','True',21,20
960,'16-JAN-2000','False','True',16,16
961,'27-JAN-2000','False','True',41,14
962,'23-JAN-2000','False','False',5,5
963,'21-JAN-2000','True','True',10,10
964,'17-JAN-2000','False','False',4,4
965,'11-JAN-2000','False','False',6,6
966,'20-JAN-2000','False','False',27,3
967,'24-JAN-2000','False','False',16,16
968,'8-JAN-2000','True','False',19,19
969,'4-JAN-2000','False','False',10,10
970,'27-JAN-2000','False','False',16,16
971,'23-JAN-2000','False','False',16,16
972,'6-JAN-2000','False','False',8,8
973,'29-JAN-2000','True','False',27,3
974,'9-MAY-2000','False','False',1,1
975,'11-JAN-2000','False','False',27,3
976,'12-JAN-2000','False','False',6,6
977,'4-JAN-2000','False','False',8,8
978,'10-JAN-2000','False','False',28,5
979,'6-JAN-2000','False','False',18,18
980,'23-JAN-2000','False','False',25,3
981,'9-JAN-2000','False','False',40,13
982,'29-JAN-2000','True','False',11,11
983,'20-JAN-2000','False','True',33,5
984,'24-JAN-2000','False','False',8,8
985,'17-JAN-2000','False','False',15,15
986,'4-JAN-2000','False','False',22,2
987,'3-JAN-2000','False','True',38,9
988,'19-JAN-2000','False','True',43,14
989,'12-JAN-2000','False','True',10,10
990,'23-JAN-2000','False','False',9,9
991,'12-JAN-2000','False','False',11,11
992,'12-JAN-2000','False','False',10,10
993,'17-JAN-2000','False','False',6,6
994,'6-JAN-2000','False','True',15,15
995,'4-JAN-2000','False','False',12,12
996,'3-JAN-2000','False','False',15,15
997,'8-JAN-2000','True','False',42,14
998,'21-JAN-2000','True','False',21,20
999,'19-JAN-2000','False','True',45,17
1000,'3-AUG-2000','False','False',1,1
